1579125600.0,8830.61000000,8835.00000000,8824.91000000,8824.91000000,250.54710500,1579125899999,2211593.01417009,1916,32.55095400,287418.40763127,0
1579125900.0,8824.91000000,8825.95000000,8812.66000000,8813.00000000,126.65957500,1579126199999,1117129.96632462,1601,33.86859000,298665.39902282,0
1579126200.0,8813.09000000,8830.00000000,8803.13000000,8828.45000000,252.08434700,1579126499999,2221332.56034069,2282,179.34759500,1580414.93578583,0
1579126500.0,8828.44000000,8851.00000000,8827.89000000,8837.82000000,121.52805300,1579126799999,1074543.93748573,2085,62.37663800,551546.58146939,0
1579126800.0,8838.31000000,8852.05000000,8829.54000000,8852.05000000,270.61275500,1579127099999,2391906.22229122,2997,193.02969400,1706403.62995448,0
1579127100.0,8852.02000000,8860.00000000,8847.12000000,8847.78000000,143.82476200,1579127399999,1273414.47923907,2063,81.06665200,717829.10324968,0
1579127400.0,8847.78000000,8849.91000000,8800.00000000,8841.75000000,243.26503400,1579127699999,2148564.80649293,2288,81.02775000,716417.51697969,0
1579127700.0,8842.66000000,8860.00000000,8841.02000000,8860.00000000,176.77746400,1579127999999,1564921.12533032,1868,130.40103400,1154481.13880932,0
1579128000.0,8860.00000000,8860.00000000,8850.00000000,8851.07000000,137.53804300,1579128299999,1217897.20522909,1671,56.63847800,501635.66945962,0
1579128300.0,8852.28000000,8852.32000000,8820.00000000,8835.41000000,301.41770300,1579128599999,2664786.66486331,2078,82.51530300,729312.35030729,0
1579128600.0,8833.52000000,8849.91000000,8830.68000000,8848.72000000,154.58250700,1579128899999,1366643.03343352,1816,97.77256300,864418.53303424,0
1579128900.0,8849.11000000,8869.32000000,8848.64000000,8860.01000000,286.87113900,1579129199999,2541307.00013569,2300,199.45810200,1766964.79778310,0
1579129200.0,8861.91000000,8876.40000000,8849.23000000,8862.74000000,148.58204700,1579129499999,1317244.96197735,2404,90.42399000,801763.54816883,0
1579129500.0,8863.13000000,8864.97000000,8811.00000000,8839.52000000,218.04032400,1579129799999,1926715.58372646,2996,106.80037900,943910.63188839,0
1579129800.0,8841.85000000,8856.00000000,8830.05000000,8835.31000000,119.03972500,1579130099999,1052918.62694230,1604,54.35225600,480737.25629757,0
1579130100.0,8835.30000000,8842.99000000,8815.01000000,8815.05000000,127.13314600,1579130399999,1122465.27558495,1830,62.01962200,547805.69467507,0
1579130400.0,8815.09000000,8840.31000000,8815.00000000,8838.43000000,82.74680200,1579130699999,730661.76152993,1723,53.93864200,476314.91753892,0
1579130700.0,8838.58000000,8849.00000000,8837.11000000,8840.13000000,59.41747100,1579130999999,525468.33574564,1012,33.15880100,293252.54582129,0
1579131000.0,8840.13000000,8849.94000000,8807.00000000,8818.72000000,306.22835700,1579131299999,2701694.86952397,2292,95.06184000,838922.08417953,0
1579131300.0,8818.80000000,8820.08000000,8800.00000000,8800.14000000,283.64510500,1579131599999,2497797.75040039,2344,86.66079600,763251.20169595,0
1579131600.0,8800.23000000,8826.29000000,8790.76000000,8814.50000000,466.27174800,1579131899999,4105653.14898183,2574,120.67147300,1063600.42619856,0
1579131900.0,8814.48000000,8824.73000000,8801.02000000,8804.88000000,75.28904700,1579132199999,663469.71591834,1377,35.14012100,309697.09709392,0
1579132200.0,8805.07000000,8826.00000000,8804.94000000,8822.94000000,70.29839300,1579132499999,619706.71601804,1200,35.33429200,311512.61460138,0
1579132500.0,8822.41000000,8835.00000000,8819.81000000,8821.41000000,107.60096800,1579132799999,949928.92649085,1527,60.86620600,537379.10801671,0
1579132800.0,8820.01000000,8859.00000000,8820.00000000,8856.72000000,277.95723700,1579133099999,2459073.55933214,3071,170.28274100,1506466.79548283,0
1579133100.0,8856.71000000,8859.81000000,8848.67000000,8849.87000000,241.15497900,1579133399999,2135741.31508329,1748,94.31398000,835246.11411697,0
1579133400.0,8849.87000000,8849.88000000,8815.00000000,8819.17000000,180.85392500,1579133699999,1597376.88730870,1658,64.33860900,568479.76562525,0
1579133700.0,8819.47000000,8822.29000000,8794.42000000,8806.16000000,415.94165900,1579133999999,3662991.91652292,3255,242.58680900,2136441.77489935,0
1579134000.0,8806.17000000,8806.17000000,8751.00000000,8753.24000000,425.69000100,1579134299999,3734191.86478310,4175,148.10909600,1299321.72346896,0
1579134300.0,8756.12000000,8779.82000000,8727.01000000,8734.32000000,427.52431300,1579134599999,3742860.85480515,4336,157.69307000,1381086.05828492,0
1579134600.0,8732.63000000,8756.88000000,8722.00000000,8734.87000000,236.84361500,1579134899999,2069339.86321719,2739,111.92365400,977882.82758667,0
1579134900.0,8734.57000000,8747.00000000,8713.29000000,8731.47000000,293.58691900,1579135199999,2562653.74281182,2594,175.17057400,1528933.48002126,0
1579135200.0,8736.52000000,8755.00000000,8712.27000000,8735.54000000,261.87445400,1579135499999,2288706.14781677,2304,117.26778100,1025434.46592844,0
1579135500.0,8738.17000000,8762.68000000,8736.68000000,8759.65000000,145.36571100,1579135799999,1272533.23560021,1854,91.44071800,800501.52236548,0
1579135800.0,8759.63000000,8773.00000000,8751.55000000,8763.37000000,145.62789900,1579136099999,1276136.44552090,1725,89.42690700,783663.98097843,0
1579136100.0,8764.71000000,8770.55000000,8747.79000000,8761.02000000,175.22980100,1579136399999,1535206.98324430,1778,61.45367300,538492.99456139,0
1579136400.0,8760.67000000,8771.95000000,8750.93000000,8754.59000000,121.00267000,1579136699999,1060291.71177867,1337,57.76055400,506209.20595104,0
1579136700.0,8754.82000000,8758.00000000,8725.00000000,8735.00000000,215.45104000,1579136999999,1883056.91915272,2313,60.61401600,529806.38016918,0
1579137000.0,8735.00000000,8739.24000000,8726.71000000,8734.99000000,164.96837100,1579137299999,1440478.56743369,1788,80.06628000,699124.05110775,0
1579137300.0,8734.79000000,8745.00000000,8717.00000000,8717.00000000,304.02013300,1579137599999,2653923.35410855,2278,97.43875700,850781.93498078,0
1579137600.0,8717.00000000,8717.01000000,8637.00000000,8659.68000000,1088.23989800,1579137899999,9446131.61989004,9291,428.78805900,3722480.87273233,0
1579137900.0,8656.68000000,8701.98000000,8653.41000000,8687.38000000,371.67148800,1579138199999,3226724.86662883,3531,210.84429400,1830228.88043425,0
1579138200.0,8688.33000000,8690.70000000,8616.51000000,8616.73000000,436.68070100,1579138499999,3777142.11120051,4395,134.66818400,1165525.08212249,0
1579138500.0,8616.84000000,8650.05000000,8613.32000000,8647.77000000,491.32406700,1579138799999,4245341.86897472,5385,263.69398200,2278294.42055110,0
1579138800.0,8647.79000000,8653.18000000,8614.02000000,8640.28000000,335.38548000,1579139099999,2895128.61776333,4034,183.67323600,1585701.36575500,0
1579139100.0,8640.00000000,8667.84000000,8631.86000000,8660.58000000,357.84266200,1579139399999,3095914.42698737,3873,189.84021500,1642482.14942347,0
1579139400.0,8661.37000000,8665.63000000,8640.15000000,8646.08000000,271.78133000,1579139699999,2351578.19856599,2152,108.05518600,934960.00750117,0
1579139700.0,8644.97000000,8666.83000000,8642.53000000,8664.43000000,210.15055000,1579139999999,1819342.98483518,2298,124.53198600,1078098.30364873,0
1579140000.0,8663.63000000,8666.81000000,8608.53000000,8626.00000000,450.43682900,1579140299999,3888717.44778564,4126,189.59598000,1637204.96520863,0
1579140300.0,8626.38000000,8665.00000000,8623.38000000,8656.73000000,264.68689800,1579140599999,2288697.25542518,3420,161.69244100,1398157.35165741,0
1579140600.0,8658.38000000,8697.79000000,8657.20000000,8685.00000000,307.88741500,1579140899999,2672699.67766174,3720,150.84136300,1309504.59327460,0
1579140900.0,8685.00000000,8697.42000000,8670.00000000,8695.94000000,137.75068200,1579141199999,1195698.86668349,1682,76.09200100,660536.88372387,0
1579141200.0,8696.42000000,8697.70000000,8682.11000000,8682.74000000,132.66410800,1579141499999,1152586.44526761,1494,70.02484300,608394.85904263,0
1579141500.0,8682.67000000,8684.14000000,8651.88000000,8659.40000000,204.32249400,1579141799999,1770972.75013405,2021,67.98677200,589407.66676133,0
1579141800.0,8659.32000000,8680.04000000,8657.05000000,8680.04000000,144.65642400,1579142099999,1254432.57335571,1796,95.01797400,824023.25427693,0
1579142100.0,8680.04000000,8681.85000000,8664.15000000,8679.46000000,258.90657900,1579142399999,2246053.80834265,2034,68.46140200,593916.43981769,0
1579142400.0,8679.40000000,8696.00000000,8676.14000000,8680.10000000,166.65419600,1579142699999,1447548.17625165,1862,96.34019500,836881.69310248,0
1579142700.0,8680.10000000,8692.00000000,8670.00000000,8671.56000000,149.46092700,1579142999999,1297181.14483030,1597,61.02633500,529734.61283222,0
1579143000.0,8670.74000000,8675.22000000,8660.00000000,8660.35000000,122.20421400,1579143299999,1059382.44183159,1531,42.57532500,369099.60258098,0
1579143300.0,8660.01000000,8665.44000000,8650.00000000,8650.00000000,162.37454300,1579143599999,1405628.13943717,1677,61.77755900,534864.75930646,0
1579143600.0,8650.00000000,8650.01000000,8634.72000000,8644.28000000,204.37749900,1579143899999,1766327.03725708,2394,94.08199000,813187.72071121,0
1579143900.0,8644.54000000,8658.14000000,8641.26000000,8642.85000000,184.16958600,1579144199999,1593339.18687542,2376,95.80748900,828907.76002702,0
1579144200.0,8642.26000000,8647.84000000,8601.00000000,8602.53000000,382.12271800,1579144499999,3292251.61581212,3277,135.47943700,1167535.88143247,0
1579144500.0,8602.78000000,8629.00000000,8600.48000000,8626.76000000,317.66490800,1579144799999,2737701.13408437,2648,162.72565100,1402592.66274845,0
1579144800.0,8626.76000000,8643.63000000,8626.43000000,8630.33000000,255.76240100,1579145099999,2208730.51203796,2268,79.63424400,687667.93072227,0
1579145100.0,8630.49000000,8630.49000000,8586.00000000,8620.34000000,455.76075400,1579145399999,3922335.59736897,3645,171.24495600,1474144.95849097,0
1579145400.0,8618.46000000,8641.87000000,8612.13000000,8640.28000000,157.86092900,1579145699999,1361409.83333546,2014,85.71400100,739257.06896052,0
1579145700.0,8640.28000000,8645.17000000,8614.08000000,8642.75000000,196.83936900,1579145999999,1699324.83141353,1940,82.79231900,714942.76777780,0
1579146000.0,8642.74000000,8645.65000000,8623.01000000,8625.05000000,94.15459100,1579146299999,813289.20161495,1186,49.12340700,424340.93054987,0
1579146300.0,8625.59000000,8633.99000000,8623.00000000,8633.99000000,113.47786100,1579146599999,978928.10049313,1704,63.65844400,549176.36861335,0
1579146600.0,8634.00000000,8657.42000000,8627.09000000,8652.97000000,190.06785500,1579146899999,1643427.22429865,2582,121.20371200,1048062.17548844,0
1579146900.0,8652.97000000,8659.00000000,8640.00000000,8640.01000000,133.02599200,1579147199999,1150674.45938803,2214,63.31068300,547739.68488848,0
1579147200.0,8640.01000000,8641.36000000,8623.00000000,8626.66000000,113.40509600,1579147499999,978908.57702323,1797,38.91606100,335939.27881469,0
1579147500.0,8626.66000000,8642.05000000,8615.00000000,8638.55000000,157.77777100,1579147799999,1361099.98139883,1722,89.81244900,774873.04481967,0
1579147800.0,8638.32000000,8659.00000000,8637.00000000,8657.18000000,115.26305500,1579148099999,996833.10098811,2047,55.50553000,480033.07925721,0
1579148100.0,8657.20000000,8669.81000000,8652.86000000,8662.02000000,146.94297900,1579148399999,1272728.22195543,2243,79.32788300,687055.19732439,0
1579148400.0,8662.02000000,8665.83000000,8643.35000000,8647.00000000,214.61495600,1579148699999,1857505.53263638,1781,90.94710200,787217.11519842,0
1579148700.0,8647.00000000,8665.60000000,8640.01000000,8665.07000000,89.25628300,1579148999999,772033.56122736,1530,53.99372800,466993.20923765,0
1579149000.0,8665.68000000,8730.00000000,8651.32000000,8675.49000000,475.36416200,1579149299999,4129500.33648503,3705,264.33049200,2296310.16495276,0
1579149300.0,8675.50000000,8679.98000000,8664.65000000,8668.31000000,189.48174100,1579149599999,1643206.86350128,1983,52.51733300,455448.71521047,0
1579149600.0,8667.59000000,8681.59000000,8664.69000000,8671.07000000,117.34355200,1579149899999,1018067.72308564,1344,74.55344100,646883.77795899,0
1579149900.0,8671.07000000,8672.82000000,8648.00000000,8651.13000000,189.31810800,1579150199999,1639260.80500383,1838,56.29184700,487458.36454756,0
1579150200.0,8651.04000000,8666.75000000,8648.99000000,8661.35000000,85.75527000,1579150499999,742444.87928735,1239,41.54182600,359645.97941090,0
1579150500.0,8660.19000000,8661.70000000,8648.43000000,8651.77000000,74.19451400,1579150799999,642037.16924830,957,39.22438800,339467.02140117,0
1579150800.0,8651.55000000,8670.00000000,8649.01000000,8668.91000000,53.10991200,1579151099999,459894.46296773,988,31.38934000,271808.42824478,0
1579151100.0,8668.90000000,8675.82000000,8663.55000000,8671.11000000,63.84827300,1579151399999,553616.02590066,1074,34.05709100,295305.82191416,0
1579151400.0,8671.11000000,8671.27000000,8653.19000000,8656.75000000,79.69779200,1579151699999,690411.78803358,1260,45.06443200,390459.20597051,0
1579151700.0,8656.72000000,8673.12000000,8652.96000000,8672.12000000,81.12357300,1579151999999,702627.74971686,1128,42.50819800,368156.90794666,0
1579152000.0,8672.11000000,8682.30000000,8670.95000000,8682.30000000,85.58491200,1579152299999,742561.00952592,1204,54.86458200,476044.46257119,0
1579152300.0,8682.30000000,8692.92000000,8678.99000000,8690.79000000,96.16133000,1579152599999,835141.73413988,1464,60.12792100,522183.97481019,0
1579152600.0,8690.80000000,8708.28000000,8689.00000000,8691.00000000,179.88032400,1579152899999,1564433.05766614,1795,91.70314200,797613.97220699,0
1579152900.0,8692.06000000,8697.12000000,8681.01000000,8681.66000000,104.37470300,1579153199999,906718.76634093,1257,48.16246800,418401.28080230,0
1579153200.0,8681.56000000,8700.00000000,8680.00000000,8699.45000000,158.05251500,1579153499999,1372811.63408070,1350,119.70894100,1039796.59435923,0
1579153500.0,8699.98000000,8711.15000000,8692.82000000,8704.60000000,318.29024700,1579153799999,2771099.02024622,2573,90.13942600,784438.25306761,0
1579153800.0,8703.53000000,8727.85000000,8703.53000000,8717.41000000,185.50457300,1579154099999,1617036.20274643,2114,112.92365200,984495.96160344,0
1579154100.0,8717.41000000,8724.75000000,8700.01000000,8700.55000000,202.13831300,1579154399999,1761402.65315403,1863,68.83203100,599808.47123661,0
1579154400.0,8700.66000000,8707.99000000,8690.00000000,8690.08000000,92.81031800,1579154699999,807331.41538224,1192,48.81115500,424615.62397129,0
1579154700.0,8690.89000000,8698.42000000,8685.00000000,8685.00000000,137.42530400,1579154999999,1194653.54198222,1468,85.16255000,740404.78069314,0
1579155000.0,8685.00000000,8697.00000000,8675.00000000,8694.00000000,125.36108200,1579155299999,1088365.99709463,1600,73.64590100,639448.18920728,0
1579155300.0,8694.15000000,8706.67000000,8693.04000000,8695.09000000,72.69304100,1579155599999,632343.56049069,1132,33.66483000,292866.76897564,0
1579155600.0,8695.00000000,8701.85000000,8695.00000000,8700.00000000,80.55413500,1579155899999,700657.45540445,925,28.54427400,248287.31098999,0
1579155900.0,8700.84000000,8713.16000000,8700.45000000,8710.00000000,128.58614900,1579156199999,1119747.91120557,1089,54.61227100,475530.10704275,0
1579156200.0,8710.40000000,8713.73000000,8707.56000000,8707.56000000,176.77910300,1579156499999,1539749.20141662,1322,25.42811900,221515.66171757,0
1579156500.0,8707.56000000,8707.57000000,8700.00000000,8702.17000000,193.65623500,1579156799999,1685590.39943663,1795,36.47523600,317410.06494109,0
1579156800.0,8702.42000000,8720.00000000,8695.76000000,8718.54000000,116.10947500,1579157099999,1011289.04748512,1685,62.42050900,543765.21834891,0
1579157100.0,8718.55000000,8724.59000000,8712.00000000,8715.61000000,122.47685300,1579157399999,1067757.94120294,1591,51.78886400,451554.82843504,0
1579157400.0,8714.95000000,8718.16000000,8711.01000000,8714.00000000,76.65057100,1579157699999,667972.32446379,1223,22.86598800,199281.91543320,0
1579157700.0,8714.00000000,8727.24000000,8714.00000000,8721.22000000,106.32756000,1579157999999,927279.99780356,1336,53.51932400,466740.09819034,0
1579158000.0,8721.37000000,8723.27000000,8708.00000000,8708.00000000,324.36596600,1579158299999,2825563.78959039,2190,33.35023300,290598.29906839,0
1579158300.0,8708.01000000,8708.01000000,8695.52000000,8697.65000000,259.74098100,1579158599999,2261073.45362546,1759,51.56074300,448620.56226481,0
1579158600.0,8697.64000000,8708.63000000,8695.52000000,8704.77000000,121.64385600,1579158899999,1058652.04798337,1712,80.63885500,701772.15172848,0
1579158900.0,8705.45000000,8706.42000000,8693.20000000,8693.53000000,104.99979200,1579159199999,913491.54537991,1474,50.76831300,441729.90080776,0
1579159200.0,8693.52000000,8693.53000000,8675.00000000,8678.73000000,380.29262600,1579159499999,3302805.51426570,3049,155.36417300,1349438.28813774,0
1579159500.0,8679.31000000,8683.90000000,8661.01000000,8665.67000000,208.15411400,1579159799999,1805054.23484492,2463,91.49101000,793452.76913676,0
1579159800.0,8664.49000000,8680.00000000,8658.80000000,8677.13000000,239.57620000,1579160099999,2076870.30746527,2185,164.56508400,1426705.90039989,0
1579160100.0,8677.11000000,8682.88000000,8670.54000000,8671.72000000,82.92615500,1579160399999,719672.29475327,1249,55.10824600,478261.94561656,0
1579160400.0,8671.71000000,8673.33000000,8654.69000000,8669.44000000,174.41930900,1579160699999,1511304.49590909,1710,56.73560900,491621.02856827,0
1579160700.0,8669.43000000,8685.52000000,8665.31000000,8683.92000000,87.03725800,1579160999999,755410.84710902,1168,52.70494900,457428.40959214,0
1579161000.0,8683.92000000,8683.92000000,8675.00000000,8675.09000000,71.85151500,1579161299999,623754.46797425,1056,35.64869100,309455.96538351,0
1579161300.0,8675.09000000,8680.00000000,8672.46000000,8680.00000000,81.57402300,1579161599999,707821.64802004,1008,52.92689200,459267.54065830,0
1579161600.0,8679.99000000,8680.00000000,8666.32000000,8667.25000000,95.48843200,1579161899999,828154.51008943,1264,41.65782500,361281.15607000,0
1579161900.0,8667.18000000,8675.00000000,8664.95000000,8665.02000000,112.05554400,1579162199999,971558.86032806,1583,78.47795400,680439.56577151,0
1579162200.0,8666.36000000,8680.00000000,8662.00000000,8680.00000000,88.44219100,1579162499999,766618.54091222,1236,52.60300900,455986.22578456,0
1579162500.0,8679.96000000,8714.58000000,8675.17000000,8712.38000000,1083.49415800,1579162799999,9407478.54855928,4001,992.86543200,8619927.34352337,0
1579162800.0,8712.34000000,8714.43000000,8700.75000000,8701.26000000,196.89687700,1579163099999,1714342.53846307,1651,97.57872800,849667.41097365,0
1579163100.0,8702.57000000,8702.57000000,8687.74000000,8698.81000000,163.27283600,1579163399999,1419777.37400761,1649,80.99103300,704110.67078570,0
1579163400.0,8698.75000000,8715.00000000,8695.06000000,8707.31000000,93.97315100,1579163699999,818056.05662146,1253,55.52706500,483416.60004218,0
1579163700.0,8707.31000000,8710.00000000,8701.00000000,8702.33000000,110.20674700,1579163999999,959386.25861000,1281,43.89749000,382128.38410806,0
1579164000.0,8702.17000000,8706.24000000,8687.00000000,8688.06000000,134.09761900,1579164299999,1166405.39388448,1289,48.11033400,418528.34608670,0
1579164300.0,8688.36000000,8698.47000000,8687.98000000,8688.93000000,77.31105200,1579164599999,672104.75615664,1109,50.13383200,435851.32099622,0
1579164600.0,8688.57000000,8689.39000000,8663.35000000,8671.34000000,157.84159100,1579164899999,1369583.25255886,1764,57.50315700,498964.89786072,0
1579164900.0,8670.34000000,8675.99000000,8663.34000000,8675.44000000,102.27405300,1579165199999,886594.08729301,1394,54.62716300,473555.39790565,0
1579165200.0,8675.99000000,8684.58000000,8671.15000000,8683.00000000,111.15704300,1579165499999,964596.45338276,1540,60.69466000,526678.97104635,0
1579165500.0,8683.00000000,8685.87000000,8667.71000000,8669.49000000,74.59842800,1579165799999,647182.23621819,1039,37.36947900,324241.50907875,0
1579165800.0,8669.52000000,8670.53000000,8644.20000000,8663.78000000,237.26680400,1579166099999,2053835.68219526,2485,86.17144700,745849.28488668,0
1579166100.0,8663.79000000,8665.99000000,8646.02000000,8651.66000000,139.78218900,1579166399999,1209993.06703245,1798,68.64010800,594335.41129170,0
1579166400.0,8651.01000000,8651.66000000,8628.49000000,8628.86000000,216.44934600,1579166699999,1869556.88555316,2660,79.91363900,690204.55249914,0
1579166700.0,8628.49000000,8632.78000000,8606.00000000,8611.59000000,305.69153800,1579166999999,2635272.77826899,3231,121.12224600,1044371.96168537,0
1579167000.0,8610.17000000,8635.99000000,8608.31000000,8632.20000000,221.60617500,1579167299999,1911167.92606559,2312,115.86631500,999142.77399064,0
1579167300.0,8632.15000000,8634.14000000,8613.55000000,8616.68000000,219.80029400,1579167599999,1894930.97483800,1725,87.47688000,754229.20740936,0
1579167600.0,8615.89000000,8631.29000000,8613.38000000,8625.11000000,159.15510300,1579167899999,1372382.31671261,1391,89.67593300,773276.28385189,0
1579167900.0,8624.45000000,8639.99000000,8620.07000000,8639.48000000,140.97471500,1579168199999,1217016.65533438,1603,74.56999400,643693.09260807,0
1579168200.0,8639.52000000,8649.71000000,8635.51000000,8647.99000000,170.38182000,1579168499999,1472586.57258577,2054,67.06491600,579614.60122498,0
1579168500.0,8649.56000000,8656.23000000,8642.79000000,8645.41000000,228.06834100,1579168799999,1972631.20083079,1573,52.89587100,457512.45243325,0
1579168800.0,8645.71000000,8646.26000000,8623.67000000,8627.54000000,154.91943200,1579169099999,1337742.44686301,2006,85.65523500,739633.03321278,0
1579169100.0,8627.51000000,8629.53000000,8620.00000000,8621.47000000,320.94527100,1579169399999,2767151.86870817,1645,149.61293700,1290078.20647831,0
1579169400.0,8621.49000000,8622.10000000,8600.40000000,8610.92000000,285.82020200,1579169699999,2460466.35352073,2648,96.20729600,828195.94840677,0
1579169700.0,8610.91000000,8640.77000000,8608.13000000,8633.52000000,174.75617600,1579169999999,1507980.45277836,2044,79.01165300,681646.51574643,0
1579170000.0,8634.75000000,8644.95000000,8610.00000000,8620.35000000,207.14427100,1579170299999,1787062.60931481,2188,83.75989800,722484.03885759,0
1579170300.0,8620.35000000,8631.87000000,8613.61000000,8625.63000000,135.54718600,1579170599999,1169042.10495054,1386,68.90168100,594251.16307018,0
1579170600.0,8625.63000000,8653.15000000,8625.00000000,8651.62000000,174.20561600,1579170899999,1505275.45231252,1904,109.02542900,942152.79156813,0
1579170900.0,8651.62000000,8658.76000000,8642.74000000,8644.84000000,155.29620200,1579171199999,1343439.28883955,2026,80.82577200,699223.84890847,0
1579171200.0,8644.37000000,8653.00000000,8632.29000000,8646.87000000,148.71948100,1579171499999,1285466.28694636,1660,86.47367200,747464.70170212,0
1579171500.0,8648.02000000,8648.03000000,8620.00000000,8625.92000000,146.49965800,1579171799999,1264847.79583227,1444,62.70094600,541503.54636108,0
1579171800.0,8625.92000000,8657.60000000,8625.92000000,8648.86000000,175.39866600,1579172099999,1515406.38363243,1427,128.93072200,1114093.72448301,0
1579172100.0,8648.92000000,8662.76000000,8643.03000000,8658.00000000,133.64372700,1579172399999,1156392.39140275,1429,75.73453800,655337.58069210,0
1579172400.0,8658.32000000,8664.77000000,8645.90000000,8663.35000000,127.58276600,1579172699999,1104554.10435232,1519,72.05721400,623925.50688278,0
1579172700.0,8663.42000000,8667.01000000,8656.12000000,8661.83000000,113.00120200,1579172999999,978837.48973688,1418,60.01631300,519894.84315656,0
1579173000.0,8662.19000000,8662.19000000,8638.54000000,8648.05000000,144.81196100,1579173299999,1252479.16895857,1759,82.84445600,716478.04140445,0
1579173300.0,8649.16000000,8649.99000000,8635.78000000,8637.00000000,109.59670800,1579173599999,947440.40453371,1108,43.33857600,374704.39513000,0
1579173600.0,8637.13000000,8642.87000000,8628.03000000,8641.55000000,100.82279700,1579173899999,870657.93458903,1302,59.91589600,517439.65026720,0
1579173900.0,8640.30000000,8656.87000000,8640.01000000,8656.29000000,108.75887600,1579174199999,940258.57393519,1195,75.87754100,655980.64028907,0
1579174200.0,8656.86000000,8700.00000000,8649.78000000,8697.73000000,349.79850900,1579174499999,3035885.23565363,3757,194.80942700,1691272.84560753,0
1579174500.0,8696.96000000,8719.98000000,8675.43000000,8714.12000000,649.48628900,1579174799999,5651667.46305020,4861,426.43856800,3710703.75844621,0
1579174800.0,8710.45000000,8714.95000000,8690.38000000,8701.37000000,394.49601100,1579175099999,3432554.69255942,2454,93.08810300,809950.44939218,0
1579175100.0,8701.66000000,8712.82000000,8685.70000000,8693.96000000,213.48781100,1579175399999,1856690.31638650,2181,101.35005700,881492.11776294,0
1579175400.0,8695.27000000,8702.99000000,8682.07000000,8691.95000000,140.15638300,1579175699999,1218262.18515520,1751,64.06968200,556849.97295562,0
1579175700.0,8691.88000000,8725.00000000,8685.82000000,8724.91000000,476.17223100,1579175999999,4149775.06934126,2896,357.36031900,3114795.95499582,0
1579176000.0,8724.82000000,8730.00000000,8692.35000000,8726.68000000,331.29115500,1579176299999,2886580.69899221,3145,192.26300600,1675491.74413822,0
1579176300.0,8724.54000000,8769.71000000,8721.92000000,8769.14000000,508.57830200,1579176599999,4449263.26934022,5021,299.86731100,2623619.81441220,0
1579176600.0,8769.25000000,8778.00000000,8739.19000000,8755.00000000,354.02599500,1579176899999,3101391.28905238,3028,172.19491800,1508847.98478924,0
1579176900.0,8755.00000000,8767.85000000,8738.97000000,8760.55000000,231.35426100,1579177199999,2025037.60975132,2048,139.54217100,1221508.96107865,0
1579177200.0,8760.54000000,8775.04000000,8756.62000000,8764.82000000,303.25842000,1579177499999,2659838.73425746,2006,88.66604400,777621.55886623,0
1579177500.0,8765.35000000,8789.00000000,8762.91000000,8766.74000000,262.74233600,1579177799999,2305705.50616233,2790,149.59293800,1312765.94129432,0
1579177800.0,8765.72000000,8766.66000000,8738.86000000,8749.84000000,288.99056700,1579178099999,2529648.73747571,2957,151.31962700,1324701.81400840,0
1579178100.0,8749.73000000,8770.76000000,8746.28000000,8765.13000000,173.87290500,1579178399999,1523089.32443919,2220,107.39123600,940743.95978031,0
1579178400.0,8765.13000000,8769.33000000,8738.00000000,8738.84000000,129.43573100,1579178699999,1133058.93431729,1481,52.39147500,458697.21785011,0
1579178700.0,8738.00000000,8754.53000000,8735.43000000,8746.93000000,203.94115300,1579178999999,1783276.31173231,1758,139.82723200,1222594.76541993,0
1579179000.0,8746.92000000,8766.16000000,8745.04000000,8761.77000000,119.68786000,1579179299999,1048095.94666795,1373,77.68499900,680342.89943554,0
1579179300.0,8761.89000000,8763.37000000,8705.00000000,8720.00000000,261.60612100,1579179599999,2283665.90762677,2540,85.37149300,745487.61517237,0
1579179600.0,8720.00000000,8727.00000000,8690.00000000,8695.45000000,649.32509200,1579179899999,5650047.28973450,3680,256.71895600,2233830.58827218,0
1579179900.0,8695.45000000,8709.75000000,8660.00000000,8698.43000000,341.00079100,1579180199999,2960562.93324116,3916,162.09923200,1407774.08099634,0
1579180200.0,8698.43000000,8706.16000000,8684.08000000,8692.53000000,115.84901800,1579180499999,1007269.88754706,1484,55.45276300,482161.05090799,0
1579180500.0,8692.75000000,8700.00000000,8670.63000000,8681.27000000,162.95301000,1579180799999,1415105.40873881,1696,73.86942800,641463.63004038,0
1579180800.0,8679.23000000,8703.87000000,8679.23000000,8703.84000000,123.55064200,1579181099999,1074292.50148154,1347,71.47565900,621523.02124360,0
1579181100.0,8703.85000000,8710.00000000,8683.26000000,8693.99000000,176.52420800,1579181399999,1534712.87305911,2061,81.64783800,709790.19642464,0
1579181400.0,8694.55000000,8699.12000000,8674.84000000,8679.07000000,100.54720200,1579181699999,873335.85349831,1377,49.33224500,428500.96445184,0
1579181700.0,8679.11000000,8711.00000000,8678.98000000,8698.12000000,152.20450100,1579181999999,1323011.91607583,1381,80.40717100,698864.17896830,0
1579182000.0,8698.24000000,8708.66000000,8697.61000000,8706.25000000,124.75512800,1579182299999,1085749.15644896,1378,58.72692600,511120.29244007,0
1579182300.0,8706.25000000,8706.52000000,8686.40000000,8691.22000000,118.71229900,1579182599999,1031997.09582974,1419,75.28799900,654457.57421846,0
1579182600.0,8691.84000000,8698.00000000,8680.09000000,8685.14000000,115.83475500,1579182899999,1006618.73179490,1447,61.60587500,535449.79337868,0
1579182900.0,8684.84000000,8700.00000000,8680.12000000,8695.29000000,118.50031200,1579183199999,1029600.64703136,1727,51.59140500,448297.15982362,0
1579183200.0,8695.27000000,8702.52000000,8672.53000000,8678.74000000,185.13501200,1579183499999,1608897.47810481,2447,90.73214600,788573.44136442,0
1579183500.0,8677.84000000,8685.50000000,8660.00000000,8661.66000000,223.85338900,1579183799999,1941278.02195756,2525,85.28532400,739898.17268473,0
1579183800.0,8661.06000000,8670.00000000,8646.00000000,8653.35000000,298.22457500,1579184099999,2581922.85704056,2243,180.64237200,1564201.21805138,0
1579184100.0,8654.69000000,8670.00000000,8640.35000000,8668.34000000,200.93636200,1579184399999,1738700.56174475,2322,101.31079900,876732.10936043,0
1579184400.0,8668.51000000,8679.23000000,8659.28000000,8661.14000000,144.16617400,1579184699999,1250091.79351318,1831,82.05165700,711542.17243550,0
1579184700.0,8659.31000000,8690.00000000,8655.46000000,8680.19000000,164.18132900,1579184999999,1424355.10968861,1644,87.77551000,761624.45191411,0
1579185000.0,8681.46000000,8696.02000000,8680.00000000,8692.22000000,123.30479900,1579185299999,1070994.57768005,1515,62.56386500,543386.47914815,0
1579185300.0,8691.40000000,8695.89000000,8681.45000000,8685.92000000,148.51434200,1579185599999,1290121.79851220,1632,76.66909900,666032.41054997,0
1579185600.0,8685.99000000,8695.02000000,8682.28000000,8688.36000000,122.10344100,1579185899999,1060786.91249228,1058,77.84487200,676300.71569194,0
1579185900.0,8688.36000000,8689.01000000,8665.88000000,8666.05000000,86.00673100,1579186199999,746285.03657450,1273,31.80045100,275958.84496489,0
1579186200.0,8667.33000000,8672.34000000,8657.02000000,8663.99000000,110.19859500,1579186499999,954913.01842729,1306,57.64289700,499528.81180334,0
1579186500.0,8664.00000000,8687.95000000,8657.26000000,8686.18000000,122.26256300,1579186799999,1059958.10392175,1670,86.91147500,753433.29462624,0
1579186800.0,8686.57000000,8701.00000000,8678.13000000,8692.40000000,197.17692900,1579187099999,1713902.34430780,1806,100.78041800,876174.02164831,0
1579187100.0,8692.40000000,8703.18000000,8683.57000000,8689.05000000,214.74293300,1579187399999,1867455.79954703,1815,97.93360000,851833.83103460,0
1579187400.0,8689.05000000,8692.70000000,8675.00000000,8678.88000000,102.95323200,1579187699999,894057.56294237,1310,47.27454900,410540.78382674,0
1579187700.0,8678.88000000,8691.59000000,8668.33000000,8688.57000000,113.55071600,1579187999999,985475.29328163,1349,52.47516700,455470.20560124,0
1579188000.0,8688.26000000,8698.68000000,8683.21000000,8692.32000000,75.47481700,1579188299999,656046.96694995,1033,39.40873800,342543.14035849,0
1579188300.0,8691.34000000,8697.98000000,8681.60000000,8696.64000000,123.67578500,1579188599999,1074608.95757059,1229,50.42458700,438169.02830699,0
1579188600.0,8696.49000000,8707.00000000,8690.75000000,8697.36000000,161.06819400,1579188899999,1401434.95765636,1663,112.13724000,975751.17961714,0
1579188900.0,8697.36000000,8700.00000000,8687.48000000,8688.78000000,58.29117300,1579189199999,506915.02609014,1034,36.91589600,321047.65421264,0
1579189200.0,8687.86000000,8694.61000000,8685.67000000,8687.19000000,75.16134900,1579189499999,653167.71976822,1041,46.59029100,404889.66044006,0
1579189500.0,8687.32000000,8701.00000000,8687.32000000,8695.90000000,72.75998400,1579189799999,632732.15274960,1000,33.16333700,288397.64551996,0
1579189800.0,8695.87000000,8705.90000000,8685.00000000,8705.30000000,90.55318800,1579190099999,787137.77392431,1099,46.73708800,406292.75363610,0
1579190100.0,8705.30000000,8725.00000000,8697.39000000,8710.02000000,208.19836800,1579190399999,1813786.50363256,2368,113.55662100,989492.39097925,0
1579190400.0,8710.01000000,8716.56000000,8673.00000000,8702.57000000,325.60908200,1579190699999,2830652.39487420,3577,194.22709300,1688532.76451867,0
1579190700.0,8702.59000000,8720.82000000,8689.58000000,8707.92000000,251.58734700,1579190999999,2190291.24499448,2988,97.04818200,844627.52024862,0
1579191000.0,8708.29000000,8709.93000000,8684.56000000,8685.94000000,238.97686000,1579191299999,2077678.03844937,2208,145.41616100,1264092.28408954,0
1579191300.0,8685.70000000,8685.70000000,8658.04000000,8661.76000000,264.73011000,1579191599999,2295568.23084519,3079,128.62974600,1115574.39342118,0
1579191600.0,8661.34000000,8667.98000000,8646.50000000,8661.82000000,316.16821000,1579191899999,2736795.03832835,2591,170.24825600,1473737.55330851,0
1579191900.0,8660.78000000,8673.79000000,8655.00000000,8655.96000000,127.23300200,1579192199999,1102314.16057535,1647,61.13367100,529694.86274156,0
1579192200.0,8657.33000000,8658.08000000,8626.00000000,8630.56000000,300.13727400,1579192499999,2593720.78686769,2829,116.23453100,1004541.43901932,0
1579192500.0,8632.21000000,8659.40000000,8630.28000000,8659.12000000,150.24995600,1579192799999,1298674.72571190,2357,81.06757300,700648.37278413,0
1579192800.0,8659.11000000,8669.89000000,8648.95000000,8664.71000000,136.33686800,1579193099999,1180708.06619417,1802,61.94068500,536441.85763190,0
1579193100.0,8664.06000000,8664.84000000,8644.00000000,8647.34000000,131.19205100,1579193399999,1134872.47728973,1350,75.82114100,655883.76350208,0
1579193400.0,8647.09000000,8657.60000000,8632.01000000,8652.99000000,194.71868600,1579193699999,1682295.73225382,1802,91.51624500,790757.28875008,0
1579193700.0,8652.98000000,8660.95000000,8648.16000000,8660.19000000,120.13299100,1579193999999,1039830.46239873,1209,60.46591200,523394.16641623,0
1579194000.0,8660.19000000,8678.95000000,8651.14000000,8656.03000000,141.15039500,1579194299999,1223110.58012980,2292,56.06022200,485738.31711224,0
1579194300.0,8656.04000000,8675.00000000,8655.00000000,8674.72000000,70.48408400,1579194599999,610636.81553692,1388,34.67560400,300426.24940015,0
1579194600.0,8674.72000000,8697.90000000,8668.19000000,8687.40000000,228.30405100,1579194899999,1983059.91062391,3426,101.63157000,882839.21368762,0
1579194900.0,8690.05000000,8698.37000000,8670.00000000,8686.77000000,169.10811800,1579195199999,1468469.78518775,2867,63.49623400,551347.66709993,0
1579195200.0,8687.04000000,8695.00000000,8679.84000000,8685.94000000,171.68593400,1579195499999,1491616.06858252,2128,70.46794500,612266.42151238,0
1579195500.0,8686.53000000,8688.00000000,8670.00000000,8677.99000000,149.48938700,1579195799999,1297396.22182987,1903,70.07256400,608293.12608373,0
1579195800.0,8677.99000000,8696.00000000,8670.50000000,8693.54000000,151.81409100,1579196099999,1318676.21653045,1581,100.90052300,876464.96893502,0
1579196100.0,8693.55000000,8719.11000000,8688.00000000,8703.62000000,226.20902500,1579196399999,1969106.79587030,2906,128.06841300,1114946.43857188,0
1579196400.0,8702.90000000,8712.30000000,8691.29000000,8692.41000000,159.54966700,1579196699999,1388459.25804385,1613,73.36648400,638636.39487898,0
1579196700.0,8693.07000000,8696.62000000,8680.17000000,8692.13000000,130.24993800,1579196999999,1131697.99442280,1962,75.20280400,653457.44638660,0
1579197000.0,8691.34000000,8700.00000000,8681.38000000,8697.37000000,109.75175700,1579197299999,953970.59226337,1251,51.06587100,443931.16898170,0
1579197300.0,8697.37000000,8698.07000000,8675.02000000,8678.13000000,97.38306300,1579197599999,845761.84628358,1401,46.45726000,403448.13760808,0
1579197600.0,8678.13000000,8693.00000000,8675.37000000,8690.02000000,79.92962000,1579197899999,694145.38197130,1028,44.84011600,389372.24821907,0
1579197900.0,8689.56000000,8692.42000000,8666.07000000,8666.75000000,88.42015200,1579198199999,767564.70080213,1296,36.09712800,313416.85942418,0
1579198200.0,8666.75000000,8678.02000000,8657.37000000,8662.46000000,197.05058200,1579198499999,1707437.88171726,2382,94.58942300,819796.78378207,0
1579198500.0,8665.84000000,8679.99000000,8660.00000000,8674.70000000,114.04876300,1579198799999,988743.04831685,1473,59.44485900,515370.84126284,0
1579198800.0,8674.62000000,8675.69000000,8660.07000000,8662.39000000,106.80759100,1579199099999,925847.52817733,1439,41.30954800,358118.10897185,0
1579199100.0,8661.91000000,8677.35000000,8660.07000000,8676.54000000,121.66326500,1579199399999,1054850.34499428,1293,72.87307100,631835.33495585,0
1579199400.0,8675.51000000,8695.00000000,8673.55000000,8688.10000000,143.84409600,1579199699999,1249286.08146662,1716,79.71076300,692187.91450604,0
1579199700.0,8688.00000000,8694.33000000,8682.00000000,8684.80000000,119.97659500,1579199999999,1042003.70982587,1511,49.96356900,433949.86473537,0
1579200000.0,8684.80000000,8694.00000000,8679.04000000,8688.15000000,86.07954500,1579200299999,747651.45542874,1312,37.01029800,321485.15201299,0
1579200300.0,8688.16000000,8704.00000000,8686.00000000,8696.32000000,127.14910300,1579200599999,1105628.96373814,1728,65.48169500,569480.75340150,0
1579200600.0,8696.60000000,8703.08000000,8693.30000000,8695.00000000,111.68063600,1579200899999,971419.50683492,1240,69.34289400,603192.12567452,0
1579200900.0,8695.01000000,8699.80000000,8680.00000000,8684.19000000,178.09834000,1579201199999,1548059.28091956,1369,85.49771000,743247.62867141,0
1579201200.0,8684.00000000,8691.92000000,8675.00000000,8687.70000000,143.95959900,1579201499999,1249565.66895296,1790,58.18837400,505094.82779341,0
1579201500.0,8687.16000000,8698.67000000,8685.20000000,8694.36000000,62.15622300,1579201799999,540297.40609124,994,31.59886300,274680.49627006,0
1579201800.0,8695.75000000,8699.00000000,8690.24000000,8699.00000000,83.98049200,1579202099999,730256.81160270,1123,48.86199600,424885.27417091,0
1579202100.0,8699.00000000,8705.00000000,8695.69000000,8700.27000000,115.92392900,1579202399999,1008600.24514578,1118,74.94218200,652002.07974421,0
1579202400.0,8700.03000000,8700.77000000,8687.09000000,8692.53000000,99.72438900,1579202699999,866991.44415317,1240,30.84845900,268161.60913327,0
1579202700.0,8693.45000000,8717.01000000,8689.54000000,8710.11000000,205.22537000,1579202999999,1787495.76223304,1799,82.63354800,719505.61978775,0
1579203000.0,8711.05000000,8718.00000000,8696.43000000,8699.43000000,103.14792900,1579203299999,898262.03744859,1379,48.47643100,422143.49638068,0
1579203300.0,8699.42000000,8704.64000000,8694.09000000,8699.39000000,177.02068900,1579203599999,1539965.94257291,1329,118.91304300,1034501.73795732,0
1579203600.0,8699.95000000,8702.28000000,8692.84000000,8695.47000000,55.87957800,1579203899999,486050.22025652,893,35.96746700,312863.54841135,0
1579203900.0,8695.45000000,8704.00000000,8695.27000000,8701.47000000,43.86241400,1579204199999,381596.63281491,711,24.03164700,209085.45378659,0
1579204200.0,8703.21000000,8709.33000000,8696.74000000,8698.78000000,91.73215100,1579204499999,798424.83918945,1129,37.38853800,325409.97923526,0
1579204500.0,8698.90000000,8705.75000000,8695.27000000,8705.00000000,49.45576000,1579204799999,430194.87856235,702,26.24477400,228301.40467672,0
1579204800.0,8705.01000000,8715.63000000,8703.16000000,8709.90000000,105.61462200,1579205099999,920014.55837645,1466,55.51677800,483628.95075194,0
1579205100.0,8709.91000000,8714.92000000,8701.01000000,8706.00000000,64.63951500,1579205399999,562985.51679375,1090,35.24067700,306945.19303452,0
1579205400.0,8706.56000000,8708.49000000,8693.38000000,8696.38000000,82.74885300,1579205699999,720201.39744222,932,30.52839000,265690.03919390,0
1579205700.0,8695.59000000,8706.59000000,8690.00000000,8701.31000000,92.59548300,1579205999999,805353.56205662,1313,49.93237600,434301.65486315,0
1579206000.0,8701.30000000,8721.00000000,8694.18000000,8721.00000000,175.07221800,1579206299999,1524438.65528903,1326,143.31943600,1247970.59526078,0
1579206300.0,8720.42000000,8721.00000000,8711.52000000,8715.66000000,101.65994300,1579206599999,886163.78534950,1494,54.91698000,478732.30635409,0
1579206600.0,8715.61000000,8716.80000000,8710.94000000,8715.55000000,102.36158700,1579206899999,891926.34972962,995,66.15057000,576409.21222157,0
1579206900.0,8714.65000000,8715.24000000,8701.98000000,8702.00000000,80.67460500,1579207199999,702473.98326806,1087,46.67532200,406423.46729060,0
1579207200.0,8703.06000000,8710.00000000,8701.12000000,8709.97000000,106.76725100,1579207499999,929429.94191334,1251,62.37302600,542972.61031994,0
1579207500.0,8710.00000000,8715.00000000,8705.00000000,8713.24000000,124.53455000,1579207799999,1084837.73485608,1095,73.03840200,636277.94551239,0
1579207800.0,8713.84000000,8745.00000000,8711.01000000,8739.10000000,326.28047100,1579208099999,2849319.63700602,3615,196.49104900,1715999.47333978,0
1579208100.0,8737.87000000,8750.00000000,8737.52000000,8744.00000000,187.13492500,1579208399999,1636557.13653710,2022,114.22336800,998982.25018537,0
1579208400.0,8742.94000000,8757.00000000,8730.00000000,8735.00000000,240.46880300,1579208699999,2102719.79477611,2345,152.54622300,1334076.19729265,0
1579208700.0,8734.15000000,8749.99000000,8731.67000000,8732.95000000,136.50608100,1579208999999,1193379.05860560,1424,76.31118700,667117.58781450,0
1579209000.0,8732.99000000,8739.01000000,8680.79000000,8685.00000000,283.24644900,1579209299999,2466964.66229648,3661,108.77041200,947707.31039339,0
1579209300.0,8685.03000000,8699.29000000,8672.00000000,8680.00000000,334.92432500,1579209599999,2908453.90565494,2975,115.56284900,1004063.40304738,0
1579209600.0,8680.00000000,8687.70000000,8673.30000000,8678.96000000,343.91379700,1579209899999,2985461.30686284,1925,274.90484300,2386371.58391922,0
1579209900.0,8678.91000000,8700.00000000,8675.00000000,8690.91000000,126.65967800,1579210199999,1100670.94019781,1544,62.18118200,540351.67730539,0
1579210200.0,8690.46000000,8699.71000000,8685.00000000,8696.38000000,111.04360800,1579210499999,964991.84241561,1171,46.60861700,405042.05624900,0
1579210500.0,8696.39000000,8699.56000000,8688.59000000,8696.96000000,93.84072900,1579210799999,815879.24145852,1220,54.82434500,476671.72995096,0
1579210800.0,8696.93000000,8715.62000000,8695.82000000,8710.25000000,203.45811200,1579211099999,1770530.64760726,1310,169.88124600,1478272.97132307,0
1579211100.0,8710.15000000,8715.92000000,8699.00000000,8702.18000000,98.26077200,1579211399999,855729.97858165,1346,34.82232600,303282.99063270,0
1579211400.0,8702.18000000,8702.97000000,8695.00000000,8695.01000000,76.44474100,1579211699999,664935.02298827,1011,47.15273400,410140.29928202,0
1579211700.0,8696.32000000,8697.01000000,8685.08000000,8691.15000000,81.16852800,1579211999999,705455.02536106,1270,42.17114600,366521.40748119,0
1579212000.0,8691.17000000,8707.28000000,8690.15000000,8703.36000000,85.91527300,1579212299999,747636.69623974,1361,58.08587000,505478.20380666,0
1579212300.0,8703.49000000,8708.00000000,8701.48000000,8705.77000000,62.42016100,1579212599999,543341.49127578,1220,27.31596900,237782.60211722,0
1579212600.0,8706.76000000,8712.00000000,8704.17000000,8705.60000000,91.82622600,1579212899999,799633.48142230,1643,44.55516500,387999.65011636,0
1579212900.0,8706.74000000,8707.92000000,8703.73000000,8703.74000000,192.75759900,1579213199999,1677762.57000867,1498,25.60566700,222898.09109566,0
1579213200.0,8703.73000000,8704.33000000,8692.00000000,8700.00000000,359.95260800,1579213499999,3131370.48621763,1417,163.18470400,1419076.35510558,0
1579213500.0,8700.00000000,8705.00000000,8699.99000000,8704.99000000,151.36924800,1579213799999,1317192.22297559,1070,141.75717200,1233531.67010068,0
1579213800.0,8704.99000000,8716.00000000,8703.55000000,8716.00000000,305.37870300,1579214099999,2660075.68327855,1857,283.58642700,2470242.66292528,0
1579214100.0,8716.00000000,8740.00000000,8714.50000000,8726.30000000,126.19745800,1579214399999,1101482.19966039,2023,85.33488000,744880.19560010,0
1579214400.0,8726.75000000,8743.21000000,8725.00000000,8730.00000000,145.77939600,1579214699999,1273685.49040385,1689,91.98951900,803800.84269818,0
1579214700.0,8730.00000000,8731.20000000,8716.13000000,8721.00000000,89.15254300,1579214999999,777460.04921556,1171,46.73981800,407620.33465219,0
1579215000.0,8721.01000000,8737.59000000,8720.00000000,8736.00000000,107.21705800,1579215299999,935884.18162826,1410,57.40084600,501011.61213699,0
1579215300.0,8735.68000000,8739.00000000,8720.00000000,8720.38000000,65.61566400,1579215599999,572794.77966495,1032,24.48162600,213717.59432968,0
1579215600.0,8720.34000000,8737.77000000,8720.12000000,8737.54000000,60.59175400,1579215899999,528892.31449054,1113,38.85839100,339207.38882047,0
1579215900.0,8737.36000000,8746.75000000,8727.03000000,8729.30000000,99.30958700,1579216199999,867756.09026622,1720,62.23968700,543886.21778653,0
1579216200.0,8729.30000000,8744.00000000,8724.48000000,8737.75000000,90.91990600,1579216499999,793997.54027865,1380,50.94256600,444891.75167264,0
1579216500.0,8737.70000000,8744.99000000,8734.00000000,8737.43000000,73.31957100,1579216799999,640760.25184363,1169,32.22399500,281605.60196743,0
1579216800.0,8737.57000000,8738.17000000,8723.89000000,8727.92000000,79.98793000,1579217099999,698328.46471098,989,40.89097700,356972.58248032,0
1579217100.0,8727.91000000,8735.01000000,8723.38000000,8728.79000000,54.74847300,1579217399999,477888.44211564,958,33.40373600,291569.17203946,0
1579217400.0,8729.31000000,8731.04000000,8723.06000000,8723.71000000,46.43286100,1579217699999,405184.89152783,862,24.06872400,210034.95373459,0
1579217700.0,8723.71000000,8723.91000000,8712.39000000,8718.61000000,121.18898200,1579217999999,1056621.78411427,1361,48.03182200,418783.59737192,0
1579218000.0,8718.61000000,8729.30000000,8716.44000000,8726.87000000,50.92519400,1579218299999,444139.04377781,945,33.58260600,292889.89881883,0
1579218300.0,8725.91000000,8732.28000000,8724.08000000,8728.88000000,54.50918800,1579218599999,475714.70446171,779,21.33430200,186201.19342324,0
1579218600.0,8728.89000000,8733.17000000,8726.23000000,8729.36000000,49.14331800,1579218899999,428943.42177142,937,21.74906500,189838.85499520,0
1579218900.0,8728.99000000,8748.00000000,8720.00000000,8720.01000000,78.98370600,1579219199999,689925.38377094,1278,44.49085200,388633.19255248,0
1579219200.0,8720.15000000,8743.99000000,8720.00000000,8732.67000000,186.99928500,1579219499999,1633071.76146707,1834,131.56352500,1148844.89273971,0
1579219500.0,8732.65000000,8738.00000000,8725.01000000,8733.19000000,72.39397400,1579219799999,632214.52504541,1092,39.45119500,344573.32433804,0
1579219800.0,8733.31000000,8734.00000000,8720.00000000,8720.32000000,85.09672900,1579220099999,742577.18990130,1200,29.68793900,259091.52338127,0
1579220100.0,8720.07000000,8720.70000000,8700.00000000,8700.01000000,413.99915600,1579220399999,3603175.06476106,2472,65.82737100,573104.36088202,0
1579220400.0,8700.00000000,8710.88000000,8700.00000000,8700.38000000,210.97279400,1579220699999,1835760.58662328,1885,45.03488400,391926.49235967,0
1579220700.0,8700.38000000,8704.82000000,8672.44000000,8691.14000000,398.14890100,1579220999999,3461543.78582369,2982,78.10208300,678541.32767247,0
1579221000.0,8691.21000000,8700.47000000,8676.50000000,8698.07000000,95.15866100,1579221299999,826703.89745174,1547,42.03274200,365212.48557421,0
1579221300.0,8698.07000000,8704.80000000,8691.69000000,8697.23000000,97.92214000,1579221599999,851809.61413582,1450,49.52707400,430843.99840406,0
1579221600.0,8698.32000000,8708.10000000,8690.00000000,8692.72000000,145.77799500,1579221899999,1267648.31774167,1289,44.97181900,391147.73732569,0
1579221900.0,8693.33000000,8693.33000000,8675.00000000,8675.02000000,144.68732700,1579222199999,1256326.72418455,1444,63.27521300,549404.07125015,0
1579222200.0,8675.05000000,8690.81000000,8675.00000000,8683.21000000,80.14084000,1579222499999,695726.36512681,1149,35.57253300,308813.03045815,0
1579222500.0,8682.41000000,8693.27000000,8681.01000000,8690.31000000,57.55477500,1579222799999,499993.24759849,977,24.46111600,212498.08151039,0
1579222800.0,8690.25000000,8697.00000000,8682.01000000,8689.99000000,88.73623100,1579223099999,771145.78909446,1168,45.90371300,398908.25162570,0
1579223100.0,8688.99000000,8689.99000000,8678.00000000,8681.44000000,103.31315400,1579223399999,896945.97878324,1290,58.64823400,509205.76393883,0
1579223400.0,8681.50000000,8688.00000000,8677.01000000,8680.64000000,73.12215200,1579223699999,634883.23973761,1053,31.07626600,269816.92477159,0
1579223700.0,8681.71000000,8700.00000000,8680.09000000,8700.00000000,102.49726000,1579223999999,890576.95646124,1102,79.38536900,689754.68853197,0
1579224000.0,8700.00000000,8707.04000000,8694.49000000,8696.78000000,87.11976400,1579224299999,757845.53557438,1150,43.75877300,380640.83647934,0
1579224300.0,8695.38000000,8697.51000000,8685.07000000,8695.07000000,51.75217800,1579224599999,449798.09970586,906,25.65888000,223022.65518468,0
1579224600.0,8694.88000000,8706.99000000,8685.65000000,8704.96000000,75.63635000,1579224899999,657846.22949135,930,44.00632200,382745.48628486,0
1579224900.0,8706.04000000,8713.04000000,8702.02000000,8708.07000000,78.61996400,1579225199999,684639.27430471,1112,41.69708600,363075.10749090,0
1579225200.0,8708.07000000,8713.96000000,8702.90000000,8706.91000000,83.82269700,1579225499999,730114.63325728,950,38.02734500,331224.94223008,0
1579225500.0,8706.91000000,8721.46000000,8705.77000000,8718.48000000,134.81675800,1579225799999,1175082.33538930,1186,38.12093800,332193.64266701,0
1579225800.0,8717.69000000,8728.21000000,8710.00000000,8727.90000000,146.62406600,1579226099999,1278651.05989876,1917,54.74481700,477507.46947147,0
1579226100.0,8727.90000000,8738.80000000,8727.89000000,8738.51000000,130.72676800,1579226399999,1141771.58416589,1505,87.85352300,767368.45526228,0
1579226400.0,8738.80000000,8749.82000000,8730.06000000,8732.24000000,402.61609700,1579226699999,3520002.71962458,2641,100.79905100,880964.88444027,0
1579226700.0,8732.41000000,8742.65000000,8725.01000000,8742.65000000,126.54687900,1579226999999,1105076.89914152,1386,77.87697300,680101.71523539,0
1579227000.0,8742.99000000,8743.52000000,8722.01000000,8722.04000000,120.29771600,1579227299999,1050650.23722196,1445,55.40897600,483995.72224573,0
1579227300.0,8722.05000000,8738.89000000,8718.16000000,8735.00000000,127.26241600,1579227599999,1110680.67032527,1309,64.59521200,563790.96888473,0
1579227600.0,8734.99000000,8752.25000000,8733.50000000,8749.15000000,205.86223100,1579227899999,1800063.17591790,1967,133.48758600,1167152.39407288,0
1579227900.0,8749.23000000,8753.00000000,8738.00000000,8738.65000000,99.94876400,1579228199999,873966.38655825,1348,54.62127500,477600.97560101,0
1579228200.0,8738.65000000,8748.86000000,8735.04000000,8737.92000000,122.93816500,1579228499999,1074647.69711356,1220,70.81756500,619068.46603644,0
1579228500.0,8736.30000000,8745.00000000,8733.78000000,8741.44000000,64.28057200,1579228799999,561717.44063200,879,38.14603700,333362.34815063,0
1579228800.0,8741.43000000,8742.66000000,8732.00000000,8737.91000000,70.36547000,1579229099999,614813.30003870,860,34.11719900,298107.89517828,0
1579229100.0,8737.92000000,8767.00000000,8735.88000000,8757.87000000,278.80438400,1579229399999,2440549.82579523,2495,160.14170500,1401815.11976933,0
1579229400.0,8757.90000000,8780.00000000,8753.14000000,8769.99000000,250.20890800,1579229699999,2194315.25070368,2725,130.49028400,1144458.30964812,0
1579229700.0,8770.00000000,8771.00000000,8747.08000000,8757.06000000,213.90947200,1579229999999,1873816.93168993,1672,82.14726700,719624.91094820,0
1579230000.0,8757.29000000,8766.68000000,8752.50000000,8761.29000000,131.69481800,1579230299999,1153768.02805841,1421,71.68708800,627999.84195753,0
1579230300.0,8762.42000000,8764.86000000,8751.05000000,8762.10000000,97.26764200,1579230599999,852034.78376156,1326,47.72882900,418131.31972159,0
1579230600.0,8762.14000000,8810.00000000,8761.28000000,8806.95000000,517.02036600,1579230899999,4544206.65303192,4577,374.12564400,3288878.74270262,0
1579230900.0,8807.07000000,8824.98000000,8784.26000000,8801.94000000,389.49641800,1579231199999,3429042.73762934,3511,184.84552500,1627557.78159971,0
1579231200.0,8800.39000000,8808.82000000,8790.09000000,8808.05000000,203.51829600,1579231499999,1790736.36187402,1799,101.49578600,893083.42288587,0
1579231500.0,8808.06000000,8840.00000000,8803.03000000,8836.82000000,503.32626900,1579231799999,4442651.01282742,3418,289.13658800,2551738.25336174,0
1579231800.0,8837.41000000,8840.40000000,8810.28000000,8815.50000000,325.45210300,1579232099999,2872099.55271364,2770,129.92146300,1146694.32681310,0
1579232100.0,8815.85000000,8840.00000000,8812.79000000,8818.00000000,194.91138900,1579232399999,1719962.72161779,1876,110.57242600,975838.80694173,0
1579232400.0,8818.00000000,8820.81000000,8796.00000000,8798.49000000,183.87100900,1579232699999,1619770.31012765,1692,85.05986000,749317.95109946,0
1579232700.0,8799.05000000,8814.85000000,8784.38000000,8807.66000000,230.46630700,1579232999999,2027725.40257826,2015,113.58380900,999456.39174631,0
1579233000.0,8807.66000000,8808.86000000,8790.29000000,8795.62000000,152.48200500,1579233299999,1341799.46778753,1780,74.86268200,658795.39770037,0
1579233300.0,8795.62000000,8795.63000000,8779.82000000,8786.43000000,173.55563300,1579233599999,1524959.88291684,1738,72.80260000,639649.98847688,0
1579233600.0,8786.43000000,8808.92000000,8786.42000000,8804.71000000,132.48963500,1579233899999,1166183.50106900,1405,73.06885000,643098.33050457,0
1579233900.0,8804.72000000,8804.74000000,8774.48000000,8782.34000000,209.04795500,1579234199999,1836139.09420834,1584,121.79780800,1069631.01362143,0
1579234200.0,8782.57000000,8798.69000000,8775.02000000,8792.91000000,207.39401500,1579234499999,1823181.72806780,1204,57.17945600,502527.87567534,0
1579234500.0,8792.91000000,8799.99000000,8779.57000000,8786.76000000,116.37609700,1579234799999,1022655.88135879,1560,58.45404900,513696.95707576,0
1579234800.0,8788.23000000,8790.72000000,8763.71000000,8764.44000000,135.46966900,1579235099999,1188776.65904321,1602,61.94019500,543551.21161871,0
1579235100.0,8763.84000000,8775.72000000,8760.00000000,8768.49000000,335.20134700,1579235399999,2938763.98219555,2051,279.36628900,2449288.13419581,0
1579235400.0,8768.13000000,8778.45000000,8766.39000000,8771.38000000,93.42725400,1579235699999,819685.90425664,1231,50.48173800,442919.26361454,0
1579235700.0,8771.38000000,8793.16000000,8770.76000000,8788.72000000,125.42664300,1579235999999,1101817.02405095,1864,72.98285800,641144.02877673,0
1579236000.0,8788.69000000,8800.00000000,8785.82000000,8799.55000000,176.47822700,1579236299999,1552535.01645728,1439,139.20797500,1224735.26937172,0
1579236300.0,8799.00000000,8809.69000000,8792.01000000,8799.97000000,270.63613900,1579236599999,2381754.79292631,1512,217.00509600,1909771.02066515,0
1579236600.0,8799.94000000,8812.61000000,8798.22000000,8808.38000000,132.01978800,1579236899999,1162467.56455006,1724,78.00861500,686858.62797478,0
1579236900.0,8807.93000000,8815.86000000,8804.03000000,8815.29000000,154.71350900,1579237199999,1363205.23321325,1784,67.12139500,591385.37678524,0
1579237200.0,8815.27000000,8823.07000000,8796.49000000,8797.18000000,244.82406700,1579237499999,2158028.81414879,1855,113.24630900,998241.26790326,0
1579237500.0,8796.77000000,8805.42000000,8793.63000000,8802.51000000,220.35021500,1579237799999,1939674.34895269,1856,164.54316000,1448524.43669120,0
1579237800.0,8803.93000000,8804.72000000,8791.98000000,8794.90000000,150.06315800,1579238099999,1320378.70473289,1386,93.38160000,821653.16284514,0
1579238100.0,8795.68000000,8817.42000000,8791.06000000,8816.22000000,234.51296900,1579238399999,2065017.28459306,2160,175.67848300,1546929.83793221,0
1579238400.0,8817.25000000,8852.00000000,8815.74000000,8839.99000000,785.13461300,1579238699999,6941453.96520638,4885,325.88192800,2880926.11232945,0
1579238700.0,8839.99000000,8870.00000000,8828.00000000,8867.93000000,503.57079000,1579238999999,4458517.21509601,3510,315.10937800,2790146.47624663,0
1579239000.0,8866.75000000,8866.80000000,8837.63000000,8843.85000000,292.72516100,1579239299999,2591206.13866022,2822,157.39713700,1393190.44335852,0
1579239300.0,8843.85000000,8856.34000000,8837.07000000,8855.00000000,309.54394900,1579239599999,2739136.14107574,2119,243.32333600,2153363.18083333,0
1579239600.0,8855.00000000,8855.00000000,8835.18000000,8843.39000000,201.38976700,1579239899999,1781113.80093277,2687,88.92138300,786463.67689495,0
1579239900.0,8843.39000000,8860.00000000,8835.00000000,8860.00000000,520.84787800,1579240199999,4612967.11860336,4088,432.27187900,3828814.88011251,0
1579240200.0,8860.00000000,8892.00000000,8859.99000000,8886.67000000,808.91366200,1579240499999,7183134.18757429,7227,608.25229900,5401304.99241442,0
1579240500.0,8886.67000000,8896.89000000,8866.24000000,8891.25000000,454.16312000,1579240799999,4033964.48397069,4370,275.67778900,2449215.73869675,0
1579240800.0,8891.25000000,8970.00000000,8891.24000000,8935.40000000,1747.94850100,1579241099999,15606267.78710059,15255,1088.50807200,9717765.92150376,0
1579241100.0,8935.20000000,8959.07000000,8925.14000000,8954.81000000,498.78833000,1579241399999,4462227.09528327,5586,280.78491000,2511950.82633968,0
1579241400.0,8954.89000000,8955.00000000,8929.05000000,8954.60000000,492.98999700,1579241699999,4408131.02508157,4285,240.57703800,2151266.60998193,0
1579241700.0,8954.56000000,8997.00000000,8945.00000000,8948.02000000,840.94791800,1579241999999,7545842.91092599,9056,509.88234900,4575905.93342103,0
1579242000.0,8945.45000000,8970.79000000,8922.63000000,8969.19000000,723.97009000,1579242299999,6479820.50016366,6600,305.44073300,2733976.04342015,0
1579242300.0,8968.19000000,8996.69000000,8958.00000000,8993.06000000,492.56765400,1579242599999,4422026.46179560,4625,305.38810200,2741870.98139800,0
1579242600.0,8991.92000000,8993.06000000,8950.00000000,8956.28000000,495.31959100,1579242899999,4443381.01147993,4063,196.25895000,1760752.74070043,0
1579242900.0,8956.83000000,8956.83000000,8932.63000000,8939.77000000,381.48336300,1579243199999,3411034.95392921,4327,181.49770500,1622796.41259338,0
1579243200.0,8941.29000000,8960.00000000,8930.00000000,8932.26000000,349.91929400,1579243499999,3129216.04496553,3931,213.59756000,1910378.86501188,0
1579243500.0,8932.26000000,8955.00000000,8931.61000000,8954.82000000,227.48910900,1579243799999,2035554.02153466,3191,140.13849400,1254021.38205597,0
1579243800.0,8954.82000000,8965.83000000,8885.47000000,8892.27000000,634.12218400,1579244099999,5653561.26166135,5693,267.52570400,2385350.84988153,0
1579244100.0,8890.61000000,8905.00000000,8835.75000000,8862.70000000,1101.53492100,1579244399999,9771913.58371031,7256,742.90456300,6590970.76557161,0
1579244400.0,8862.70000000,8885.45000000,8860.60000000,8875.79000000,313.28294200,1579244699999,2780291.22377529,3393,171.46533400,1521710.90289302,0
1579244700.0,8875.51000000,8887.00000000,8843.01000000,8884.03000000,231.96617400,1579244999999,2055706.81225241,2638,117.19781500,1038826.97773285,0
1579245000.0,8883.08000000,8904.76000000,8876.15000000,8897.92000000,244.69829600,1579245299999,2176048.13360598,2241,124.53542300,1107587.55542804,0
1579245300.0,8896.83000000,8909.09000000,8886.00000000,8896.40000000,165.01491000,1579245599999,1468352.36541393,1941,87.46501700,778343.13980117,0
1579245600.0,8896.70000000,8926.06000000,8895.60000000,8912.55000000,324.50812300,1579245899999,2891861.72753624,2266,166.98241900,1488082.55407648,0
1579245900.0,8912.94000000,8921.28000000,8894.90000000,8900.71000000,204.90405900,1579246199999,1825226.00810742,1861,82.71684000,736705.09113154,0
1579246200.0,8901.00000000,8938.39000000,8899.00000000,8929.41000000,190.76303500,1579246499999,1701564.25206955,2019,118.18275700,1054048.28163512,0
1579246500.0,8930.00000000,8930.00000000,8910.12000000,8914.05000000,145.97329500,1579246799999,1301902.27335851,1871,66.80043900,595739.59378739,0
1579246800.0,8914.30000000,8929.00000000,8905.89000000,8927.36000000,174.51048100,1579247099999,1555803.64101563,1728,90.87448500,810205.95660727,0
1579247100.0,8927.36000000,8936.73000000,8903.01000000,8907.18000000,166.91688100,1579247399999,1488597.06577524,1878,80.07692700,714279.45123870,0
1579247400.0,8907.04000000,8940.00000000,8904.47000000,8938.64000000,210.87232500,1579247699999,1881890.46077954,2294,119.48299100,1066479.03619675,0
1579247700.0,8938.62000000,8950.36000000,8926.39000000,8933.95000000,408.74651400,1579247999999,3655299.31955786,3032,109.89313100,982647.76295503,0
1579248000.0,8935.54000000,8942.73000000,8922.37000000,8922.79000000,227.32064400,1579248299999,2031317.85820496,2547,93.62535700,836826.14570588,0
1579248300.0,8922.80000000,8942.79000000,8907.34000000,8929.26000000,365.65299200,1579248599999,3262323.60603734,3831,153.38802200,1368476.48930918,0
1579248600.0,8924.98000000,8994.00000000,8920.05000000,8977.98000000,554.04286500,1579248899999,4961339.42289930,5581,315.20117100,2823426.23533588,0
1579248900.0,8977.70000000,8999.00000000,8949.21000000,8969.75000000,1072.60119100,1579249199999,9635269.57797879,7080,643.71130700,5784318.18452566,0
1579249200.0,8973.00000000,8978.05000000,8944.12000000,8949.15000000,332.69792800,1579249499999,2980536.09880888,3510,152.14720000,1363076.77267543,0
1579249500.0,8949.97000000,8967.61000000,8949.40000000,8965.17000000,205.65478500,1579249799999,1842233.47142450,1571,85.80660900,768592.01655823,0
1579249800.0,8965.20000000,8967.29000000,8925.00000000,8931.71000000,310.55214400,1579250099999,2779094.27319337,3106,133.30965300,1193113.44846556,0
1579250100.0,8931.59000000,8949.56000000,8927.36000000,8927.36000000,339.31284200,1579250399999,3033382.34701905,2604,143.16603300,1279824.77159650,0
1579250400.0,8929.62000000,8936.40000000,8915.00000000,8932.20000000,299.84790700,1579250699999,2676118.25367460,2750,135.14184000,1206039.31940143,0
1579250700.0,8932.20000000,8944.78000000,8922.11000000,8943.12000000,147.65137300,1579250999999,1319287.47985097,1839,81.16976200,725247.28623906,0
1579251000.0,8943.12000000,8946.99000000,8910.21000000,8913.28000000,411.49379800,1579251299999,3673870.76169459,2858,126.67666400,1131092.64934202,0
1579251300.0,8913.28000000,8931.68000000,8899.26000000,8928.85000000,530.15773100,1579251599999,4724686.89381420,3212,256.32153500,2284173.01907413,0
1579251600.0,8927.71000000,8943.96000000,8924.30000000,8926.10000000,169.49510500,1579251899999,1514490.01324240,2257,90.40420000,807872.92120326,0
1579251900.0,8926.00000000,8944.06000000,8925.99000000,8934.81000000,169.00336900,1579252199999,1510022.25475196,2178,88.31581700,789080.71227383,0
1579252200.0,8934.90000000,8945.68000000,8934.12000000,8944.15000000,110.69110900,1579252499999,989660.43769752,1724,56.68033400,506754.94913514,0
1579252500.0,8944.17000000,8956.12000000,8943.17000000,8953.48000000,146.05548300,1579252799999,1307266.19953201,2302,91.43649200,818403.09166197,0
1579252800.0,8953.04000000,8966.00000000,8944.05000000,8965.94000000,142.09646900,1579253099999,1272026.41426838,1822,89.69491800,802891.03369604,0
1579253100.0,8965.91000000,8986.27000000,8960.70000000,8972.91000000,304.44358100,1579253399999,2731540.45173408,3738,145.19965500,1302922.54933513,0
1579253400.0,8972.90000000,8977.20000000,8952.70000000,8953.99000000,182.69270000,1579253699999,1637821.94754249,2219,89.45596000,801868.09182667,0
1579253700.0,8953.97000000,8954.00000000,8933.00000000,8938.00000000,181.82914000,1579253999999,1626198.71557708,2276,88.35229500,790233.85389976,0
1579254000.0,8938.13000000,8952.94000000,8933.00000000,8940.76000000,171.71389200,1579254299999,1535867.53282939,1721,67.30551600,602100.56163771,0
1579254300.0,8940.82000000,8943.50000000,8926.00000000,8935.56000000,426.54429500,1579254599999,3809850.91846887,3018,88.55178600,791223.23780479,0
1579254600.0,8935.56000000,8971.14000000,8934.83000000,8969.71000000,190.65753400,1579254899999,1707523.70274249,2514,89.94754400,805777.69846225,0
1579254900.0,8970.02000000,8971.60000000,8953.41000000,8969.00000000,319.00902600,1579255199999,2859327.73481499,2404,67.43063100,604457.56986023,0
1579255200.0,8969.36000000,8986.00000000,8962.88000000,8982.97000000,424.18547500,1579255499999,3808004.42323313,3141,209.33996800,1879397.86749296,0
1579255500.0,8982.98000000,8994.50000000,8955.28000000,8955.29000000,350.88023200,1579255799999,3149565.43673447,2939,233.52254900,2096311.11498725,0
1579255800.0,8956.39000000,8985.00000000,8953.41000000,8982.05000000,192.46716000,1579256099999,1725798.30910478,2167,104.33593800,935560.74163359,0
1579256100.0,8983.36000000,9041.65000000,8934.86000000,8972.77000000,1741.10057800,1579256399999,15654412.83926028,10948,932.96013400,8391497.21418793,0
1579256400.0,8972.51000000,8972.51000000,8921.00000000,8939.42000000,967.88339900,1579256699999,8651706.30448525,5303,444.71764900,3975334.69638495,0
1579256700.0,8939.44000000,8941.17000000,8881.01000000,8920.47000000,1060.45679000,1579256999999,9445764.27619541,5864,453.71172600,4040253.76417692,0
1579257000.0,8920.67000000,8933.41000000,8880.50000000,8930.47000000,477.76580000,1579257299999,4255617.99244932,4455,233.64515500,2081674.47961863,0
1579257300.0,8930.58000000,8941.22000000,8912.77000000,8928.64000000,254.02781500,1579257599999,2268182.53592057,2716,99.42759000,887819.92831682,0
1579257600.0,8928.05000000,8945.00000000,8926.37000000,8939.41000000,180.54730800,1579257899999,1613648.34112746,1914,96.57416700,863119.60854962,0
1579257900.0,8939.71000000,8941.99000000,8915.00000000,8922.46000000,202.06401900,1579258199999,1803626.18772460,2061,90.96619700,812038.86130982,0
1579258200.0,8921.58000000,8932.66000000,8911.00000000,8926.41000000,153.97729800,1579258499999,1373858.82307069,1630,79.45603800,708957.73743400,0
1579258500.0,8926.41000000,8940.28000000,8926.00000000,8937.00000000,157.71066800,1579258799999,1409008.83543906,1440,89.15993000,796587.89865657,0
1579258800.0,8937.00000000,8944.00000000,8928.30000000,8939.12000000,152.18781200,1579259099999,1360017.72319773,1732,83.61485300,747268.60415571,0
1579259100.0,8939.14000000,8953.92000000,8939.00000000,8948.17000000,261.97138700,1579259399999,2343030.92037591,1879,108.93479900,974609.33982954,0
1579259400.0,8949.02000000,8962.28000000,8942.00000000,8942.20000000,276.63537600,1579259699999,2476835.71470559,2997,144.55868900,1294467.64820499,0
1579259700.0,8942.10000000,8944.48000000,8924.02000000,8929.51000000,188.56464400,1579259999999,1684579.48714408,1914,72.63489100,648872.95748050,0
1579260000.0,8928.35000000,8947.99000000,8921.79000000,8943.00000000,105.85180600,1579260299999,945819.74402079,1541,55.43315200,495363.90412942,0
1579260300.0,8943.00000000,8949.95000000,8936.69000000,8947.99000000,95.25198200,1579260599999,851827.79436263,1306,43.52382700,389241.69839006,0
1579260600.0,8947.40000000,8949.00000000,8931.68000000,8939.00000000,79.24225700,1579260899999,708259.72732719,1123,35.76386000,319628.89087215,0
1579260900.0,8939.01000000,8939.91000000,8926.66000000,8935.00000000,132.02706100,1579261199999,1179413.63566351,1253,61.19073800,546634.25421070,0
1579261200.0,8935.00000000,8937.65000000,8907.49000000,8911.34000000,181.51348300,1579261499999,1619463.33664484,1921,47.79297300,426487.72670212,0
1579261500.0,8910.44000000,8919.50000000,8901.00000000,8909.85000000,227.80519300,1579261799999,2029664.55434819,2889,115.05960800,1025199.86355223,0
1579261800.0,8910.51000000,8919.05000000,8890.97000000,8917.70000000,667.97728500,1579262099999,5945886.59762887,3373,495.62756400,4411296.84297143,0
1579262100.0,8917.92000000,8920.90000000,8900.35000000,8903.45000000,114.86141100,1579262399999,1023020.90115696,2084,58.85653100,524188.01382238,0
1579262400.0,8903.53000000,8919.41000000,8870.00000000,8878.08000000,402.35216000,1579262699999,3577479.95656525,4041,148.86494300,1324306.44697546,0
1579262700.0,8879.73000000,8884.09000000,8860.00000000,8872.81000000,400.57431600,1579262999999,3554069.95238054,3015,247.80510400,2198831.90045276,0
1579263000.0,8873.18000000,8874.59000000,8817.22000000,8843.17000000,1303.30093000,1579263299999,11528052.22865804,6569,414.46527300,3665780.58914735,0
1579263300.0,8841.45000000,8859.86000000,8840.00000000,8853.63000000,212.30949900,1579263599999,1879126.24623637,2185,95.86674500,848499.10049470,0
1579263600.0,8853.63000000,8857.78000000,8765.00000000,8823.65000000,1195.12684300,1579263899999,10523405.07445647,5987,494.60530600,4350781.81825898,0
1579263900.0,8824.29000000,8840.24000000,8809.29000000,8836.79000000,277.76955000,1579264199999,2451826.96113390,2350,164.11471200,1448681.32443481,0
1579264200.0,8837.64000000,8854.63000000,8832.44000000,8850.00000000,158.27682200,1579264499999,1400419.93118822,1835,81.22182900,718589.42788071,0
1579264500.0,8850.72000000,8854.25000000,8842.77000000,8850.23000000,130.87491100,1579264799999,1157988.29001050,1373,55.83475600,494017.66976374,0
1579264800.0,8849.94000000,8867.00000000,8849.23000000,8860.00000000,200.18650700,1579265099999,1773282.56781835,1718,155.33319200,1375921.92649588,0
1579265100.0,8860.00000000,8862.37000000,8835.05000000,8836.29000000,265.20253600,1579265399999,2345888.33593409,1844,91.65999300,810837.30169939,0
1579265400.0,8836.28000000,8854.86000000,8835.06000000,8843.21000000,166.11427300,1579265699999,1469208.49479603,1536,73.68150200,651671.44402344,0
1579265700.0,8843.14000000,8846.36000000,8803.74000000,8811.54000000,275.46516500,1579265999999,2430810.76021880,2402,147.05831200,1297862.33797617,0
1579266000.0,8808.17000000,8835.40000000,8800.00000000,8833.42000000,430.37345900,1579266299999,3798095.91649812,3087,191.41458500,1689115.71009577,0
1579266300.0,8833.70000000,8840.00000000,8822.00000000,8832.75000000,239.73347800,1579266599999,2117589.54778075,1571,175.58147200,1551065.85197086,0
1579266600.0,8832.93000000,8839.99000000,8822.37000000,8839.97000000,207.44810600,1579266899999,1831428.00288848,1625,123.79644100,1092761.94527795,0
1579266900.0,8839.97000000,8853.45000000,8832.54000000,8850.65000000,135.77208600,1579267199999,1200822.00319379,1679,69.09928900,611072.97614731,0
1579267200.0,8852.08000000,8858.50000000,8840.00000000,8856.73000000,109.88381900,1579267499999,972062.78021039,1219,71.79149600,635055.63746891,0
1579267500.0,8856.78000000,8858.54000000,8845.01000000,8847.02000000,88.83889500,1579267799999,786420.87630215,1164,43.46275400,384746.18364950,0
1579267800.0,8847.02000000,8862.92000000,8845.35000000,8862.51000000,119.28526700,1579268099999,1056361.57305156,1475,63.89344700,565835.11304224,0
1579268100.0,8862.68000000,8865.07000000,8839.85000000,8840.00000000,149.97268000,1579268399999,1328018.06884835,1643,39.28248600,347867.30103805,0
1579268400.0,8840.00000000,8848.80000000,8839.61000000,8843.58000000,106.02310000,1579268699999,937662.41343653,1271,59.23508600,523886.59059467,0
1579268700.0,8844.04000000,8844.89000000,8831.78000000,8835.33000000,149.64028900,1579268999999,1322381.05054981,1500,93.84131300,829293.53205758,0
1579269000.0,8835.75000000,8842.00000000,8825.08000000,8834.52000000,115.18313100,1579269299999,1017451.04272594,1635,67.01573100,591971.25613584,0
1579269300.0,8834.53000000,8852.90000000,8834.53000000,8850.99000000,159.68590700,1579269599999,1412837.88583189,1549,62.13262800,549735.43358424,0
1579269600.0,8851.00000000,8852.92000000,8830.86000000,8831.90000000,165.40871900,1579269899999,1462810.79631652,1510,37.91561000,335285.14219106,0
1579269900.0,8831.12000000,8837.04000000,8815.44000000,8827.72000000,236.43334000,1579270199999,2086980.96109714,2063,167.07598300,1474906.49699688,0
1579270200.0,8827.30000000,8833.89000000,8824.22000000,8829.96000000,133.31883200,1579270499999,1177195.91588366,1603,97.21674300,858416.47371812,0
1579270500.0,8829.71000000,8830.10000000,8792.14000000,8802.09000000,267.81374600,1579270799999,2359255.09946106,2404,138.12189500,1217081.41737241,0
1579270800.0,8802.11000000,8808.66000000,8769.42000000,8789.24000000,617.19282800,1579271099999,5422543.40804109,4158,291.65293500,2562802.99921588,0
1579271100.0,8789.66000000,8801.74000000,8784.46000000,8792.91000000,158.54749000,1579271399999,1394300.74556814,2037,92.16843200,810607.72491676,0
1579271400.0,8792.84000000,8815.00000000,8773.70000000,8812.85000000,196.43247600,1579271699999,1726217.41368618,2325,115.69755700,1016626.67614473,0
1579271700.0,8812.85000000,8830.00000000,8807.32000000,8823.66000000,162.68188500,1579271999999,1434237.95040185,1782,91.80017400,809229.24563627,0
1579272000.0,8823.52000000,8826.45000000,8807.45000000,8810.01000000,154.72320900,1579272299999,1363994.35779924,1524,54.47954100,480341.73387681,0
1579272300.0,8810.92000000,8820.00000000,8807.67000000,8817.54000000,110.01084200,1579272599999,969859.11027623,1360,73.21777700,645527.49585371,0
1579272600.0,8817.53000000,8817.54000000,8796.09000000,8806.59000000,162.57846300,1579272899999,1431020.96846863,1774,69.95873000,615808.96623736,0
1579272900.0,8806.60000000,8806.61000000,8777.00000000,8778.69000000,197.10341000,1579273199999,1732425.65066211,1873,55.71997600,489907.52952191,0
1579273200.0,8778.69000000,8798.99000000,8774.00000000,8794.30000000,244.54377300,1579273499999,2148747.01977860,1714,112.27836700,986759.21510248,0
1579273500.0,8794.15000000,8805.00000000,8788.00000000,8802.13000000,116.55897200,1579273799999,1025242.85613218,1208,52.83155100,464761.44145234,0
1579273800.0,8802.13000000,8806.60000000,8796.20000000,8805.88000000,88.73134800,1579274099999,781189.74823922,1022,57.34368900,504840.85402239,0
1579274100.0,8805.88000000,8825.03000000,8805.53000000,8821.86000000,210.38014700,1579274399999,1855056.27686955,1937,132.78328900,1170728.69453516,0
1579274400.0,8821.87000000,8825.00000000,8815.20000000,8824.75000000,97.53241900,1579274699999,860067.43861878,1238,46.97889700,414293.54443612,0
1579274700.0,8824.78000000,8836.00000000,8822.88000000,8835.94000000,147.36860700,1579274999999,1301521.47406066,1860,57.26238200,505766.04529834,0
1579275000.0,8835.93000000,8844.05000000,8830.52000000,8833.43000000,237.46946800,1579275299999,2098472.78201002,2362,98.87003300,873706.55472966,0
1579275300.0,8833.66000000,8843.98000000,8832.62000000,8841.17000000,145.50964700,1579275599999,1286058.18224695,1991,52.72059100,465959.19330862,0
1579275600.0,8840.17000000,8848.00000000,8833.00000000,8833.58000000,181.74094000,1579275899999,1606537.77914815,2417,84.11175200,743637.73788223,0
1579275900.0,8834.01000000,8864.09000000,8833.00000000,8862.58000000,308.73516500,1579276199999,2733876.44126350,3477,134.96108100,1195049.05911967,0
1579276200.0,8862.58000000,8867.29000000,8843.38000000,8851.65000000,141.12499200,1579276499999,1249548.25001006,2340,50.71939400,449143.44775891,0
1579276500.0,8851.65000000,8857.91000000,8845.30000000,8850.83000000,121.64995600,1579276799999,1076566.41444615,1553,62.08948800,549498.68918496,0
1579276800.0,8851.39000000,8877.00000000,8837.97000000,8876.28000000,439.88172300,1579277099999,3898059.53639464,3781,133.09236400,1179493.81951166,0
1579277100.0,8876.28000000,8883.58000000,8858.00000000,8862.84000000,233.22814800,1579277399999,2068960.90498113,2506,116.19315600,1030882.73106186,0
1579277400.0,8862.84000000,8870.00000000,8858.00000000,8858.56000000,164.47201200,1579277699999,1458062.51586389,1789,53.37626800,473148.26460731,0
1579277700.0,8858.17000000,8884.99000000,8855.52000000,8874.97000000,180.80780400,1579277999999,1604640.96901286,2355,94.55478100,839162.29795809,0
1579278000.0,8874.97000000,8899.90000000,8874.50000000,8899.62000000,298.24600000,1579278299999,2651156.19254680,3279,153.11585700,1361317.39316368,0
1579278300.0,8899.71000000,8905.00000000,8880.02000000,8885.97000000,336.55814200,1579278599999,2992652.01792825,2887,172.99334500,1538341.14204951,0
1579278600.0,8885.97000000,8898.60000000,8867.89000000,8896.56000000,189.34468100,1579278899999,1681758.13455860,2422,91.68254200,814271.06052485,0
1579278900.0,8896.57000000,8923.88000000,8896.14000000,8915.48000000,432.41670700,1579279199999,3852334.90261249,4053,262.60079400,2339389.50417039,0
1579279200.0,8915.12000000,8921.80000000,8889.99000000,8919.74000000,317.05253900,1579279499999,2825172.99971391,2860,183.75296100,1637570.76148005,0
1579279500.0,8919.52000000,8919.99000000,8900.00000000,8903.41000000,216.26596400,1579279799999,1926273.33567322,2398,74.72438900,665539.82843831,0
1579279800.0,8903.41000000,8915.00000000,8885.47000000,8891.98000000,195.25559200,1579280099999,1737897.92212642,2520,96.38790800,857915.69945319,0
1579280100.0,8891.63000000,8891.98000000,8866.16000000,8875.96000000,256.46750600,1579280399999,2276749.54646927,2759,136.06618200,1207880.20240970,0
1579280400.0,8875.96000000,8880.00000000,8855.81000000,8868.11000000,418.18768900,1579280699999,3707410.63271778,2844,243.51668100,2158708.10858329,0
1579280700.0,8868.10000000,8894.50000000,8867.22000000,8894.50000000,225.07714300,1579280999999,1999081.75862351,2388,131.35563200,1166325.57457867,0
1579281000.0,8893.28000000,8906.03000000,8883.00000000,8904.09000000,167.33243400,1579281299999,1488311.40303590,1656,90.61485800,806175.54924810,0
1579281300.0,8904.11000000,8919.42000000,8900.42000000,8905.87000000,191.15123300,1579281599999,1702908.33435235,2008,97.20566300,866017.22210388,0
1579281600.0,8905.94000000,8906.53000000,8882.17000000,8898.53000000,290.48571500,1579281899999,2584819.52073936,2127,84.80932200,754379.25156053,0
1579281900.0,8898.53000000,8900.00000000,8882.86000000,8884.17000000,117.65061400,1579282199999,1046035.89422351,1622,55.70296200,495231.20358976,0
1579282200.0,8883.17000000,8907.04000000,8878.56000000,8906.22000000,156.64637700,1579282499999,1393274.40825587,1811,86.72023300,771430.40119525,0
1579282500.0,8906.13000000,8909.78000000,8893.72000000,8902.09000000,100.66150800,1579282799999,896001.77775234,1512,51.97818800,462674.15440520,0
1579282800.0,8902.02000000,8905.26000000,8882.34000000,8883.36000000,115.90917900,1579283099999,1031035.76464527,1697,51.42883500,457489.30960529,0
1579283100.0,8884.23000000,8889.62000000,8878.17000000,8881.02000000,87.77177400,1579283399999,779739.42393491,1612,43.17964400,383611.44480346,0
1579283400.0,8881.64000000,8894.00000000,8870.00000000,8870.94000000,136.03534400,1579283699999,1208130.46067190,1746,68.15854000,605342.47025062,0
1579283700.0,8870.83000000,8892.81000000,8870.83000000,8890.97000000,112.12397000,1579283999999,995996.05365480,1809,68.77318800,610894.82606825,0
1579284000.0,8890.04000000,8898.92000000,8886.17000000,8889.21000000,112.03821100,1579284299999,996272.17963184,1677,52.02389800,462619.25071960,0
1579284300.0,8888.65000000,8907.51000000,8888.59000000,8903.45000000,155.76569100,1579284599999,1386216.17147211,1970,94.33143400,839494.64080951,0
1579284600.0,8903.46000000,8909.49000000,8884.29000000,8891.99000000,204.58938000,1579284899999,1821145.66861144,1838,77.92045800,693651.91541014,0
1579284900.0,8891.99000000,8904.77000000,8891.36000000,8897.93000000,75.95143100,1579285199999,675892.38337780,1352,42.79093800,380800.40658861,0
1579285200.0,8898.69000000,8907.33000000,8885.92000000,8907.32000000,134.67649100,1579285499999,1198356.72061155,1460,104.85896600,933140.28925268,0
1579285500.0,8907.32000000,8908.72000000,8896.17000000,8898.28000000,123.84229200,1579285799999,1102563.62480043,1532,61.36405200,546335.07247564,0
1579285800.0,8898.28000000,8907.00000000,8890.42000000,8904.80000000,134.15538300,1579286099999,1193841.50383234,1607,69.00814700,614139.83067757,0
1579286100.0,8904.78000000,8912.75000000,8882.59000000,8897.59000000,232.29179700,1579286399999,2067659.86971333,1977,119.01184000,1059507.54903136,0
1579286400.0,8896.98000000,8943.51000000,8891.45000000,8930.70000000,233.50503200,1579286699999,2082225.85987898,3011,132.11481100,1178235.33909694,0
1579286700.0,8930.20000000,8954.49000000,8926.51000000,8945.41000000,483.97533500,1579286999999,4327554.05148606,3774,269.74635400,2412185.89003028,0
1579287000.0,8945.20000000,8947.51000000,8915.61000000,8915.61000000,231.65858100,1579287299999,2069260.95090020,2728,79.07759900,706389.77454314,0
1579287300.0,8915.45000000,8923.58000000,8900.01000000,8920.12000000,163.43156500,1579287599999,1456379.34177048,1867,70.64634900,629642.99244289,0
1579287600.0,8920.50000000,8927.64000000,8913.17000000,8918.00000000,88.96407000,1579287899999,793505.52382372,1336,47.10258100,420130.04512078,0
1579287900.0,8916.71000000,8935.20000000,8916.71000000,8931.32000000,132.83083600,1579288199999,1186055.07342012,1537,61.82478000,551988.09199777,0
1579288200.0,8933.00000000,8952.62000000,8931.36000000,8951.00000000,146.21275900,1579288499999,1307418.16147964,2082,84.26788100,753626.76695636,0
1579288500.0,8950.07000000,8955.55000000,8943.49000000,8949.12000000,393.64662900,1579288799999,3523752.06222209,3058,205.16446000,1836706.80948205,0
1579288800.0,8949.12000000,8951.59000000,8923.18000000,8930.89000000,172.83948700,1579289099999,1544230.51615386,2323,77.83945400,695414.91366452,0
1579289100.0,8930.89000000,8939.93000000,8920.00000000,8938.17000000,131.24627200,1579289399999,1171747.73717070,2088,55.97414500,499737.57989859,0
1579289400.0,8938.30000000,8953.00000000,8926.85000000,8928.20000000,150.01630600,1579289699999,1341122.45407137,2194,78.39473600,700897.61579504,0
1579289700.0,8928.20000000,8933.38000000,8885.38000000,8888.31000000,411.26690600,1579289999999,3662339.74937121,3004,266.76192200,2375247.29360098,0
1579290000.0,8888.31000000,8899.56000000,8872.01000000,8880.57000000,294.00156600,1579290299999,2612475.65058345,4139,137.00881300,1217659.65710337,0
1579290300.0,8881.55000000,8882.37000000,8813.00000000,8850.99000000,839.17383200,1579290599999,7422949.47538903,7718,338.33615400,2992484.98345093,0
1579290600.0,8848.32000000,8881.23000000,8840.00000000,8867.85000000,347.58173000,1579290899999,3079379.12670391,4004,181.56833200,1608584.69358444,0
1579290900.0,8867.18000000,8887.84000000,8860.94000000,8879.71000000,152.27462000,1579291199999,1351283.57943665,2281,64.10479300,568783.53331331,0
1579291200.0,8879.63000000,8897.90000000,8861.66000000,8896.96000000,227.86803600,1579291499999,2023568.65762389,2931,114.51172500,1016771.95090608,0
1579291500.0,8897.08000000,8934.77000000,8894.96000000,8915.90000000,331.53584000,1579291799999,2955941.46726630,4606,160.39836400,1429904.11833435,0
1579291800.0,8916.43000000,8927.55000000,8906.11000000,8910.20000000,184.43641500,1579292099999,1644263.85993033,2859,75.85283900,676272.73482773,0
1579292100.0,8911.88000000,8920.00000000,8880.00000000,8895.32000000,216.51732200,1579292399999,1926988.05307133,2575,113.99801900,1014697.06655880,0
1579292400.0,8895.49000000,8912.59000000,8893.89000000,8899.00000000,208.13301900,1579292699999,1852950.50321616,1807,59.54625500,530066.68290757,0
1579292700.0,8899.99000000,8899.99000000,8880.00000000,8889.38000000,127.41141000,1579292999999,1132498.93508948,1963,52.07363700,462872.44637479,0
1579293000.0,8887.96000000,8901.15000000,8884.72000000,8897.08000000,118.04230900,1579293299999,1049751.26620290,1753,54.55411800,485159.51513319,0
1579293300.0,8898.31000000,8909.70000000,8875.57000000,8884.09000000,125.52271900,1579293599999,1116360.72899195,1809,53.16970000,473060.27326590,0
1579293600.0,8884.08000000,8892.36000000,8870.00000000,8883.05000000,116.37303300,1579293899999,1033813.91358298,1707,60.45466200,537055.49158202,0
1579293900.0,8883.84000000,8897.90000000,8872.11000000,8896.49000000,108.73158300,1579294199999,966278.76978480,1336,60.26059400,535510.64076793,0
1579294200.0,8896.49000000,8905.00000000,8894.93000000,8902.69000000,106.01543400,1579294499999,943448.14923677,1315,42.34296500,376846.31965250,0
1579294500.0,8904.00000000,8904.86000000,8876.60000000,8879.64000000,80.23038900,1579294799999,713122.65040312,1303,37.57254400,333925.31583195,0
1579294800.0,8879.74000000,8897.98000000,8874.82000000,8894.68000000,83.16504200,1579295099999,739195.47621574,1358,44.45028600,395043.95994426,0
1579295100.0,8894.66000000,8900.00000000,8884.58000000,8888.25000000,92.13599000,1579295399999,819310.83982684,1281,41.90102500,372609.00740302,0
1579295400.0,8888.25000000,8899.50000000,8883.43000000,8897.32000000,101.99308600,1579295699999,906778.84870783,1308,57.88719900,514674.64602919,0
1579295700.0,8897.38000000,8900.00000000,8892.45000000,8899.50000000,85.43897600,1579295999999,760221.50885146,1094,51.63710300,459480.01203105,0
1579296000.0,8899.50000000,8905.00000000,8898.96000000,8900.41000000,75.45010400,1579296299999,671662.35720531,989,45.89393900,408553.28451706,0
1579296300.0,8900.41000000,8900.41000000,8884.00000000,8890.28000000,43.67120500,1579296599999,388438.56775904,887,21.71306700,193134.77636888,0
1579296600.0,8890.09000000,8902.00000000,8884.43000000,8897.55000000,73.96870500,1579296899999,657674.71517596,1484,39.41908700,350488.02856664,0
1579296900.0,8897.55000000,8902.00000000,8893.22000000,8901.00000000,45.72438400,1579297199999,406848.64103029,860,27.93118600,248531.43123210,0
1579297200.0,8901.17000000,8902.00000000,8892.43000000,8894.17000000,60.32249800,1579297499999,536679.08496855,1087,32.11015300,285694.05379913,0
1579297500.0,8894.16000000,8895.00000000,8890.00000000,8894.19000000,44.45999100,1579297799999,395318.15201688,782,27.55616000,245015.89554281,0
1579297800.0,8894.19000000,8934.89000000,8893.00000000,8930.71000000,133.38669700,1579298099999,1189071.64883834,2027,86.99205200,775390.05643551,0
1579298100.0,8930.58000000,8932.95000000,8912.04000000,8922.34000000,107.25634600,1579298399999,956894.78036109,1244,53.73960500,479407.75108010,0
1579298400.0,8922.43000000,8936.18000000,8911.37000000,8914.27000000,85.86113300,1579298699999,766304.58867303,1272,42.75918300,381678.02852655,0
